{
  "title": "DND 5 All the things",
  "description": "Collection of all the classes, mosters, items etc. to use in DND 5e game.",
  "authors": [
    {
      "name": "JJFox"
    }
  ],
  "version": "1.6",
  "manifest": "https://raw.githubusercontent.com/EvgeniyaLis/dnd-5-all-the-things/master/module.json",
  "download": "https://github.com/EvgeniyaLis/dnd-5-all-the-things/raw/master/dnd5-all-the-things.zip",
  "packFolders": [
        {
            "name": "All The Things (ATT)",
            "sorting": "a",
            "packs": [
                "adventures-att",
				"spells-att",
				"items-att",
				"traps-and-hazards-att"
            ],
			"folders":[
			{
			  "name": "Characters",
			  "sorting": "a",
			  "color": "#0e007a",
			  "packs": [
				"monsters-att",
				"npcs-att"
			  ]
			},
			{
			  "name": "Features",
			  "sorting": "a",
			  "color": "#166600",
			  "packs": [
				"classes-att",
				"class-features-att",
				"subclasses-att",
				"races-att",
				"monster-features-att",
				"racial-features-att",
				"backgrounds-att",
				"background-features-att"
			  ]
			},
			{
			  "name": "Tables",
			  "sorting": "a",
			  "color": "#0e007a",
			  "packs": [
				"background-tables-att",
				"main-dnd-tables-att",
				"races-tables-att"
			  ]
			}
		]
        }
    ],
  "packs": [
    {
      "name": "adventures-att",
      "label": "Adventures (ATT)",
      "path": "packs/adentures-att",
      "type": "Adventure",
      "system": "dnd5e",
      "ownership": {
        "PLAYER": "OBSERVER",
        "ASSISTANT": "OWNER"
      }
    },
    {
      "name": "classes-att",
      "label": "Classes (ATT)",
      "path": "packs/classes-att",
      "type": "Item",
      "system": "dnd5e",
      "ownership": {
        "PLAYER": "OBSERVER",
        "ASSISTANT": "OWNER"
      }
    },
    {
      "name": "class-features-att",
      "label": "Class Features (ATT)",
      "path": "packs/class-features-att",
      "type": "Item",
      "system": "dnd5e",
      "ownership": {
        "PLAYER": "OBSERVER",
        "ASSISTANT": "OWNER"
      }
    },
    {
      "name": "subclasses-att",
      "label": "Subclasses (ATT)",
      "path": "packs/subclasses-att",
      "type": "Item",
      "system": "dnd5e",
      "ownership": {
        "PLAYER": "OBSERVER",
        "ASSISTANT": "OWNER"
      }
    },
    {
      "name": "races-att",
      "label": "Races (ATT)",
      "path": "packs/races-att",
      "type": "Item",
      "system": "dnd5e",
      "ownership": {
        "PLAYER": "OBSERVER",
        "ASSISTANT": "OWNER"
      }
    },
    {
      "name": "monster-features-att",
      "label": "Monster Features (ATT)",
      "path": "packs/monster-features-att",
      "type": "Item",
      "system": "dnd5e",
      "ownership": {
        "PLAYER": "OBSERVER",
        "ASSISTANT": "OWNER"
      }
    },
    {
      "name": "racial-features-att",
      "label": "Racial Features (ATT)",
      "path": "packs/racial-features-att",
      "type": "Item",
      "system": "dnd5e",
      "ownership": {
        "PLAYER": "OBSERVER",
        "ASSISTANT": "OWNER"
      }
    },
    {
      "name": "spells-att",
      "label": "Spells (ATT)",
      "path": "packs/spells-att",
      "type": "Item",
      "system": "dnd5e",
      "ownership": {
        "PLAYER": "OBSERVER",
        "ASSISTANT": "OWNER"
      }
    },
    {
      "name": "monsters-att",
      "label": "Monsters (ATT)",
      "path": "packs/monsters-att",
      "type": "Actor",
      "system": "dnd5e",
      "ownership": {
        "PLAYER": "OBSERVER",
        "ASSISTANT": "OWNER"
      }
    },
    {
      "name": "npcs-att",
      "label": "NPCs (ATT)",
      "path": "packs/npcs-att",
      "type": "Actor",
      "system": "dnd5e",
      "ownership": {
        "PLAYER": "OBSERVER",
        "ASSISTANT": "OWNER"
      }
    },
    {
      "name": "items-att",
      "label": "Items (ATT)",
      "path": "packs/items-att",
      "type": "Item",
      "system": "dnd5e",
      "ownership": {
        "PLAYER": "OBSERVER",
        "ASSISTANT": "OWNER"
      }
    },
    {
      "name": "backgrounds-att",
      "label": "Backgrounds (ATT)",
      "path": "packs/backgrounds-att",
      "type": "Item",
      "system": "dnd5e",
      "ownership": {
        "PLAYER": "OBSERVER",
        "ASSISTANT": "OWNER"
      }
    },
    {
      "name": "background-features-att",
      "label": "Background Features (ATT)",
      "path": "packs/background-features-att",
      "type": "Item",
      "system": "dnd5e",
      "ownership": {
        "PLAYER": "OBSERVER",
        "ASSISTANT": "OWNER"
      }
    },
    {
      "name": "background-tables-att",
      "label": "Background Tables (ATT)",
      "path": "packs/background-tables-att",
      "type": "RollTable",
      "system": "dnd5e",
      "ownership": {
        "PLAYER": "OBSERVER",
        "ASSISTANT": "OWNER"
      }
    },
    {
      "name": "main-dnd-tables-att",
      "label": "Main DND Tables (ATT)",
      "path": "packs/main-dnd-tables-att",
      "type": "RollTable",
      "system": "dnd5e",
      "ownership": {
        "PLAYER": "OBSERVER",
        "ASSISTANT": "OWNER"
      }
    },
    {
      "name": "races-tables-att",
      "label": "Races Tables (ATT)",
      "path": "packs/races-tables-att",
      "type": "RollTable",
      "system": "dnd5e",
      "ownership": {
        "PLAYER": "OBSERVER",
        "ASSISTANT": "OWNER"
      }
    },
    {
      "name": "traps-and-hazards-att",
      "label": "Traps & Hazards (ATT)",
      "path": "packs/traps-and-hazards-att",
      "type": "JournalEntry",
      "system": "dnd5e",
      "ownership": {
        "PLAYER": "OBSERVER",
        "ASSISTANT": "OWNER"
      }
    }
  ],
  "id": "dnd5-all-the-things",
  "relationships": {
    "systems": [
      {
        "id": "dnd5e",
        "type": "system",
        "compatibility": {}
      }
    ],
    "recommends": [
      {
        "id": "plutonium",
        "type": "module"
      }
    ]
  },
  "compatibility": {
    "minimum": "11",
    "verified": "11"
  }
}